sentences,aos
judging from previous posts this used to be a good place but not any longer.,"[([10], [], -1)]"
"we, there were four of us, arrived at noon - the place was empty - and the staff acted like we were imposing on them and they were very rude.","[([17], [], -1)]"
the food was lousy - too sweet or too salty and the portions tiny.,"[([1], [], -1), ([12], [], -1)]"
avoid this place,"[([2], [], -1)]"
"i have eaten at saul, many times, the food is always consistently, outrageously good.","[([8], [], 1)]"
saul is the best restaurant on smith street and in brooklyn.,"[([0], [], 1)]"
the duck confit is always amazing and the foie gras terrine with figs was out of this world.,"[([8, 9, 10, 11, 12], [], 1), ([1, 2], [], 1)]"
the wine list is interesting and has many good values.,"[([1, 2], [], 1), ([1, 2], [], 1)]"
i was very disappointed with this restaurant,"[([6], [], -1)]"
ive asked a cart attendant for a lotus leaf wrapped rice and she replied back rice and just walked away.,"[([3, 4], [], -1)]"
"food was okay, nothing great.","[([0], [], 0)]"
chow fun was dry; pork shu mai was more than usually greasy and had to share a table with loud and rude family.,"[([0, 1], [], -1), ([4, 5, 6], [], -1)]"
i/we will never go back to this place again.,"[([7], [], -1)]"
"went on a 3 day oyster binge, with fish bringing up the closing, and i am so glad this was the place it o trip ended, because it was so great!","[([8], [], 1)]"
"service was devine, oysters where a sensual as they come, and the price can't be beat!!!","[([0], [], 1), ([3], [], 1)]"
every time in new york i make it a point to visit restaurant saul on smith street.,"[([12, 13], [], 1)]"
"everything is always cooked to perfection, the service is excellent, the decor cool and understated.","[([7], [], 1), ([11], [], 1)]"
i had the duck breast special on my last visit and it was incredible.,"[([3, 4, 5], [], 1)]"
"the food is very average...the thai fusion stuff is a bit too sweet, every thing they serve is too sweet here.","[([1], [], -1), ([5, 6, 7], [], -1)]"
the only thing i moderately enjoyed was their grilled chicken special with edamame puree,"[([8, 9, 10, 11, 12, 13], [], 1)]"
i had never had edamame pureed before but i thought it was innovative and tasty (could've used a bit more salt).,"[([4, 5], [], 1), ([4, 5], [], 1)]"
"the decor is night tho...but they really need to clean that vent in the ceiling...its quite un-appetizing, and kills your effort to make this place look sleek and modern.","[([24], [], -1), ([1], [], 1), ([11], [], -1)]"
"their sake list was extensive, but we were looking for purple haze, which wasn't listed but made for us upon request!","[([1, 2], [], 1)]"
"the spicy tuna roll was unusually good and the rock shrimp tempura was awesome, great appetizer to share!","[([1, 2, 3], [], 1), ([9, 10, 11], [], 1)]"
we went around 9:30 on a friday and it had died down a bit by then so the service was great!,"[([18], [], 1)]"
we love th pink pony,"[([3, 4], [], 1)]"
the perfect spot,"[([2], [], 1)]"
food awesome.,"[([0], [], 1)]"
service friendly and attentive.,"[([0], [], 1)]"
ambiance relaxed and stylish.,"[([0], [], 1)]"
"don't judge this place prima facie, you have to try it to believe it, a home away from home for the literate heart.","[([3], [], 1)]"
the food is decent.,"[([1], [], 0)]"
"however, it's the service that leaves a bad taste in my mouth.","[([3], [], -1)]"
"i happen to have a policy that goes along with a little bit of self-respect, which includes not letting a waiter intimidate me, i.e. make me feel bad asking for trivialities like water, or the check.","[([20], [], -1)]"
this place has got to be the best japanese restaurant in the new york area.,"[([1], [], 1)]"
food is great.,"[([0], [], 1)]"
service is top notch.,"[([0], [], 1)]"
i tend to judge a sushi restaurant by its sea urchin which was heavenly at sushi rose.,"[([9, 10], [], 1)]"
the sushi seemed pretty fresh and was adequately proportioned.,"[([1], [], 1), ([1], [], 1)]"
the rice to fish ration was also good--they didn't try to overpack the rice.,"[([1, 2, 3, 4], [], 1)]"
we took advanatage of the half price sushi deal on saturday so it was well worth it.,"[([5, 6, 7, 8], [], 1)]"
"in the evening, this place attracted a well dressed, with it, ny crowd","[([12], [], 1)]"
the food was well prepared and the service impecable.,"[([1], [], 1), ([7], [], 1)]"
the prix fixe menu is worth every penny and you get more than enough (both in quantity and quality).,"[([1, 2, 3], [], 1), ([1, 2, 3], [], 1), ([1, 2, 3], [], 1)]"
$6 and there is much tasty food all of it fresh and continually refilled.,"[([6], [], 1), ([6], [], 1), ([6], [], 1)]"
"i am not a vegetarian but, almost all the dishes were great.","[([9], [], 1)]"
"the food here is rather good, but only if you like to wait for it.","[([1], [], 1)]"
i like the somosas c chai and the chole but the d dhosas nd dhal were kinda dissapointing.,"[([3], [], 1), ([5], [], 1), ([8], [], 1), ([12], [], -1), ([14], [], -1)]"
"the service varys from day to day- sometimes they're very nice, and sometimes not.","[([1], [], -1)]"
"the kitchen however, is almost always slow.","[([1], [], -1)]"
"also, specify if you like your food spicy- its rather bland if you don't.","[([6], [], -1)]"
"the ambience is pretty and nice for conversation, so a casual lunch here would probably be best.","[([1], [], 1)]"
if you've ever been along the river in weehawken you have an idea of the top of view the chart house has to offer.,"[([17], [], 1)]"
add to that great service and great food at a reasonable price and you have yourself the beginning of a great evening.,"[([4], [], 1), ([7], [], 1), ([7], [], 1)]"
the lava cake dessert was incredible and i recommend it.,"[([1, 2, 3], [], 1)]"
"once you step into cosette you're miraculously in a small, off-the-beaten path parisian bistro.","[([4], [], 1)]"
"this tiny restaurant is as cozy as it gets, with that certain parisian flair.","[([2], [], 1)]"
"the food was average to above-average; the french onion soup filling yet not overly impressive, and the desserts not brilliant in any way.","[([1], [], 1), ([7, 8, 9], [], -1), ([7, 8, 9], [], 1), ([17], [], -1)]"
"however, go for the ambience and consider the f food ust a companion for a trip across the world!","[([4], [], 1), ([9], [], 0)]"
the pizza was delivered cold and the cheese wasn't even fully melted!,"[([1], [], -1), ([7], [], -1)]"
the pizza is overpriced and soggy.,"[([1], [], -1), ([1], [], -1)]"
"yes, they use fancy ingredients but even fancy ingredients don't make for good p pizza nless someone knows how to get the crust right.","[([4], [], 1), ([14], [], -1), ([22], [], -1)]"
i think i've had some the best meals of my life at minnow.,"[([7], [], 1)]"
"the seafood is amazing, there's a good wine list and the ever-changing m menu lways offers some great surprises.","[([1], [], 1), ([7, 8], [], 1), ([13], [], 1)]"
the combination of super-fresh ingredients in the dishes are unusual but really delicious.,"[([4], [], 1)]"
best pastrami i ever had and great portion without being ridiculous.,"[([1], [], 1), ([7], [], 1)]"
my wife had the fried shrimp which are huge and loved it.,"[([4, 5], [], 1), ([4, 5], [], 1)]"
"as a japanese native, i've lived in the tristate area for over 8 years, but i was just so amazed at this place","[([22], [], 1)]"
this place is the most japanese it can ever get.,"[([1], [], 1)]"
the signs the s specials menus food and even all the w waitstaff re all totally japanese.,"[([1], [], 1), ([4, 5], [], 1), ([6], [], 1), ([12], [], 1)]"
this place is worth an one-hour drive.,"[([1], [], 1)]"
"leon is an east village gem: casual but hip, with well prepared basic french bistro fare , good specials , a warm and livel atmosphere e.","[([0], [], 1), ([0], [], 1), ([18], [], 1), ([24], [], 1), ([13, 14, 15], [], 1)]"
"my wife and i always enjoy the young, not always well trained but nevertheless friendly, staff all of whom have a story.","[([15], [], 1)]"
decent wine at reasonable prices.,"[([1], [], 0), ([1], [], 1)]"
"everytime i decide to try another place on the ues, i get angry that i didn't just go to zucchero pomodori","[([19, 20], [], 1)]"
this is by far my favorite place in the neighborhood.,"[([6], [], 1)]"
"the service is excellent, the decor is great, and the food is delicious and comes in large portions","[([1], [], 1), ([5], [], 1), ([10], [], 1), ([17], [], 1)]"
i'm partial to the gnocchi,"[([4], [], 1)]"
this place is incredibly tiny.,"[([1], [], -1)]"
the hostess is rude to the point of being offensive.,"[([1], [], -1)]"
the food was bland oily.,"[([1], [], -1)]"
"we have been to this place many times, and always have great food w wine and service","[([12], [], 1), ([14], [], 1), ([16], [], 1)]"
"we were worried we would have trouble getting in, but somehow managed to have a short wait","[([16], [], 1)]"
as always we had a great glass of wine while we waited.,"[([6, 7, 8], [], 1)]"
"when we sat, we got great and fast service","[([8], [], 1)]"
the people that work there are always so friendly you forget you are in new york sometimes.,"[([1], [], 1)]"
make sure you try this place as often as you can.,"[([5], [], 1)]"
this is a fun restaurant to go to.,"[([4], [], 1)]"
the pizza is yummy and i like the atmoshpere,"[([1], [], 1), ([8], [], 1)]"
but the pizza is way to expensive.,"[([2], [], -1)]"
i went there for lunch and it was not as good as i expected from the reviews i read.,"[([4], [], -1)]"
sauce was watery and the food didn't have much flavor.,"[([0], [], -1), ([5], [], -1)]"
this place is great.,"[([1], [], 1)]"
the waitress was very patient with us and the food is phenomenal!,"[([1], [], 1), ([9], [], 1)]"
"service was prompt, friendly and great.","[([0], [], 1)]"
great pizza and fantastic service,"[([1], [], 1), ([4], [], 1)]"
there was a small wait but shorter than i expected.,"[([4], [], 1)]"
this is the best sushi in new york city - hands down.,"[([4], [], 1)]"
the place is small and cramped but the food is fantastic.,"[([1], [], -1), ([8], [], 1)]"
get the tuna of gari,"[([2, 3, 4], [], 1)]"
"planet thailand has always been a hit with me , i go there usually for the sushi which is great , the t thai food s excellent too .","[([16], [], 1), ([23, 24], [], 1), ([0, 1], [], 1)]"
"with the great variety on the menu , i eat here often and never get bored .","[([6], [], 1)]"
"the atmosphere isn't the greatest , but i suppose that's how they keep the prices down .","[([1], [], -1)]"
it's all about the food !!,"[([4], [], 1)]"
first it took us a long time to find the place,"[([10], [], -1)]"
"but when we looked at the menu there weren't a lot of choices, most of them were dumplings in the appetizer section.","[([6], [], -1)]"
"those rolls were big, but not good and sashimi wasn't fresh.","[([1], [], 0), ([1], [], -1), ([8], [], -1)]"
try the crunchy tuna it is to die for.,"[([2, 3], [], 1)]"
first went here to enjoy their garden terrace,"[([6, 7], [], 1)]"
"the food was amazing, and the service was prompt and helpful, but not over-bearing or rushed.","[([1], [], 1), ([6], [], 1)]"
"the steak tartare is a great bet, they fix it for you at the table.","[([1, 2], [], 1)]"
"admittedly some nights inside the restaurant were rather warm, but the open kitchen is part of the charm.","[([11, 12], [], 1), ([5], [], -1)]"
"great wine selection g gigondas s worth the price, and the house champagne is a great value.","[([1, 2], [], 1), ([4], [], 1), ([11, 12], [], 1)]"
"it may be a bit packed on weekends, but the vibe is good and it is the best french food you will find in the area.","[([10], [], 1), ([18, 19], [], 1)]"
"have recommended the place to friends, always gets good response.","[([3], [], 1)]"
"pizza - the only pizza in nyc that should not have additional toppings - the crust tastes like the best, freshly baked bread!","[([15], [], 1), ([4], [], 1)]"
i take all my nyc guests to vt's,"[([7], [], 1)]"
"not sure where the previous reviewer, lonk, dined, but saul is in a great neighborhood and has great food","[([14], [], 1), ([18], [], 1)]"
i'd highly recommend it for a special occasion -- it provides and intimate setting and nice service,"[([13], [], 1), ([16], [], 1)]"
i'm not sure where the other reviewers ate but it seems as if we visited two different restaurants because my friends and i all enjoy mizu very much... and we're repeat customers.,"[([25], [], 1)]"
make sure you have the spicy scallop roll . .,"[([5, 6, 7], [], 1)]"
"moules were excellent, lobster ravioli was very salty!","[([0], [], 1), ([3, 4], [], -1)]"
"took my mom for mother's day, and the maitre d' was pretty rude.","[([8, 9], [], -1)]"
tiny dessert was $8.00...just plain overpriced for what it is.,"[([1], [], -1), ([1], [], -1), ([1], [], -1)]"
the drinks are always welll made and wine selection is fairly priced.,"[([1], [], 1), ([7, 8], [], 1)]"
try their chef's specials - they are to die for.,"[([2, 3], [], 1)]"
"service is not exactly five star, but thats not really a big deal.","[([0], [], 0)]"
downstairs lounge is always a good attraction,"[([0, 1], [], 1)]"
"raga's is a romantic, cozy restaurant.","[([0], [], 1)]"
the exotic food is beautifully presented and is a delight in delicious combinations.,"[([1, 2], [], 1), ([1, 2], [], 1)]"
the staff is incredibly helpful and attentive.,"[([1], [], 1)]"
the bar is very well stocked with interesting beers and well priced wines,"[([1], [], 1), ([8], [], 1), ([12], [], 1)]"
"when we stumbled on leon we thought that we had found quite the gem but, we were certainly wrong.","[([4], [], -1)]"
"the waitress moved our table practically into the bathroom and when we asked to cancel our dinner orders because we did not want to eat sitting on the toilet, we were told no...","[([1], [], -1)]"
rude service medicore f food .there are tons of restaurants in ny...stay away from this one,"[([1], [], -1), ([4], [], 0)]"
i had a grat time at jekyll and hyde,"[([6, 7, 8], [], 1)]"
i loved everythig about it-especially the shows and actors,"[([6], [], 1), ([8], [], 1)]"
our server was very helpful and friendly.,"[([1], [], 1)]"
the food was good too.,"[([1], [], 1)]"
the tuna and wasabe potatoes are excellent.,"[([1], [], 1), ([3, 4], [], 1)]"
the outdoor atmosphere of sitting on the sidewalk watching the world go by 50 feet away on 6th avenue on a cool evening was wonderful.,"[([1, 2], [], 1)]"
service was prompt and courteous.,"[([0], [], 1)]"
great service great f food,"[([1], [], 1), ([4], [], 1)]"
"the pizza is delicious - they use fresh mozzarella instead of the cheap, frozen, shredded cheese common to most pizzaria's.","[([1], [], 1), ([7, 8], [], 1)]"
"two complaints- their appetizer selection stinks, it would be nice to get some mozzarella sticks on the menu.","[([3, 4], [], -1)]"
wait staff is blantently unappreciative of your business but its the best pie on the uws!,"[([0, 1], [], -1), ([12], [], 1)]"
by far the best salad i have had in a fast food restaurant.,"[([4], [], 1)]"
fine dining restaurant quality.,"[([1], [], 1)]"
"on a recent sunday afternoon, a friend and i accidently found this great restaurant on our way to see the pulitzer prize winning play doubt.","[([13], [], 1)]"
"the chicken pot pie is excpetiona, the cheeseburger huge and delictable, and the service professional wan warm.","[([1, 2, 3], [], 1), ([7], [], 1), ([7], [], 1), ([13], [], 1)]"
the staff is no nonsense.,"[([1], [], 1)]"
the food options rule.,"[([1], [], 1)]"
when i lived upstate for a while i would buy freeze the bagels and they would still be better than any else.,"[([12], [], 1)]"
worth visiting the 1st ave spot because it is the original store.,"[([3, 4, 5], [], 1)]"
"he served me an uni hand roll which i never had before, and let me tell you...it was heaven!","[([4, 5, 6], [], 1)]"
the sake menu should not be overlooked!,"[([1, 2], [], 1)]"
try the lobster teriyaki and the rose special roll,"[([2, 3], [], 1), ([6, 7, 8], [], 1)]"
"service was very good - prompt, attentive and non-intrusive.","[([0], [], 1)]"
"food was very good as well, considering that we tried the budget selection (though i wish the pork belly that i ordered was roasted a bit longer, so that fat was more of a melt-in-your-mouth experience).","[([0], [], 1), ([17, 18], [], -1)]"
wine list selection is good and wine-by-the-glass was generously filled to the top.,"[([0, 1, 2], [], 1), ([6], [], 1)]"
traditional french decour was pleasant though the hall was rather noisy - the restaurant was full and we had to raise our voices to be able to maintain a conversation.,"[([0, 1, 2], [], 1), ([7], [], -1)]"
"i've been to at cafe spice probably 5-8 times, it is probably still the best indian restaurant around union square.","[([4, 5], [], 1)]"
"to sum it up: service varies from good to mediorce, depending on which waiter you get; generally it is just average ok.","[([4], [], 0)]"
"seating is always prompt, though the restaurant does fill up in the evening.","[([0], [], 1)]"
"food is usually very good, though ocasionally i wondered about freshmess of raw vegatables in side orders .","[([0], [], 1), ([12, 13, 14, 15, 16], [], -1)]"
"the decor is vibrant and eye-pleasing with several semi-private boths on the right side of the dining hall, which are great for a date.","[([1], [], 1), ([8, 9], [], 1)]"
i have never been disappointed in the red eye,"[([7, 8], [], 1)]"
"the first time i went, and was completely taken by the live jazz band and atmosphere i ordered the lobster cobb salad.","[([11, 12, 13], [], 1), ([15], [], 1)]"
it's simply the best meal in nyc.,"[([4], [], 1)]"
you cannot go wrong at the red eye grill,"[([6, 7, 8], [], 1)]"
"if we were to move from the upper east side, we would genuinely miss this restaurant","[([15], [], 1)]"
the restaurant is cute but not upscale.,"[([1], [], 0)]"
the food is a diamond in rough -- the food is delicious and homemade with the perfect balance of herbs and tomatoes,"[([1], [], 1), ([17, 18, 19, 20, 21], [], 1)]"
we had a great time at the jekyll and hyde pub last night.,"[([7, 8, 9, 10], [], 1)]"
after really enjoying ourselves at the bar we sat down at a table and had dinner.,"[([6], [], 1)]"
the server was really cool and served us our food and drinks with a smile.,"[([1], [], 1)]"
the place's decor and hidden bathrooms made for a good laugh.,"[([2], [], 1), ([4, 5], [], 1)]"
i highly recommend visiting this restaurant and having dinner and drinks!,"[([5], [], 1)]"
"if you are the type of person who likes being scared and entertained, this is a great place to go and eat.","[([17], [], 1)]"
"my husband and i thougt it would be great to go to the jekyll and hyde pub for our anniversary, and to our surprise it was fantastic.","[([13, 14, 15, 16], [], 1)]"
"the have over 100 different beers to offer thier guest so that made my husband very happy and the food was delicious, if i must recommend a dish it must be the pumkin tortelini","[([5], [], 1), ([19], [], 1), ([32, 33], [], 1)]"
the entertainment was great they have shows that go on through out the dinner.,"[([1], [], 1)]"
"please take my advice, go and try this place","[([8], [], 1)]"
the bagel was huge.,"[([1], [], 1)]"
the workers there also absolutely load the bagel with cream cheese (gets a little messy).,"[([7], [], -1)]"
this was my frist time at cafe st. bart's and i must say how delicous the food and the service was.,"[([16], [], 1), ([19], [], 1)]"
i have to highly recommend the lobster roll - not to much mayo; you can tell it was a fresh lobster,"[([6, 7], [], 1), ([20], [], 1)]"
other guests enjoyed pizza s santa fe chopped salad nd fish and chips,"[([3], [], 1), ([5, 6, 7, 8], [], 1), ([10, 11, 12], [], 1)]"
i highly recommend cafe st. bart's for their food the a ambience nd wonderful service,"[([8], [], 1), ([11], [], 1), ([14], [], 1)]"
all the staff is absolutely professional!!,"[([2], [], 1)]"
this restaurant was way overhyped.,"[([1], [], -1)]"
my chow fun and chow see was really bland and oily.,"[([1, 2, 3, 4, 5], [], -1)]"
the scallion pancakes and fried dumplings were nothing out of the ordinary.,"[([1, 2], [], 0), ([4, 5], [], 0)]"
the service was the only thing good about this restaurant,"[([1], [], 1), ([9], [], -1)]"
"it's boring on the inside, and our sushi was pretty below average... the tuna was soggy and the other rolls had no flavor.","[([7], [], -1), ([13], [], -1), ([19], [], -1)]"
their pad penang is delicious and everything else is fantastic.,"[([1, 2], [], 1)]"
the price is reasonable although the service is poor.,"[([6], [], -1)]"
fresh restaurant was amazing........ food was delicious and of course fresh.,"[([0, 1], [], 1), ([4], [], 1)]"
hats off to the chef,"[([4], [], 1)]"
"the salads are delicious, both refreshing and very spicy.","[([1], [], 1)]"
we had pam's special fried fish and it was amazing.,"[([2, 3, 4, 5], [], 1)]"
great vibe lots of people.,"[([1], [], 1)]"
"i didn't complain, i liked the atmosphere so much.","[([6], [], 1)]"
"ambience is so cute and quaint, good for business although we were there on vacation.","[([0], [], 1)]"
salads were fantastic.,"[([0], [], 1)]"
although we were looking for regular lettuce and some walnuts the salads we got were great.,"[([11], [], 1)]"
ingredients are organic which is a real plus for me.,"[([0], [], 1)]"
"this is some really good, inexpensive sushi","[([6], [], 1), ([6], [], 1)]"
the spicy tuna roll is huge and probably the best that i've had at this price range.,"[([1, 2, 3], [], 1), ([1, 2, 3], [], 1), ([1, 2, 3], [], 1)]"
the yellowtail was particularly good as well.,"[([1], [], 1)]"
i have reservations about the all you can eat deal however -- the choices are fairly limited and you can probably order more food than you can eat for less than $18 by just going off the menu.,"[([5, 6, 7, 8, 9], [], -1), ([5, 6, 7, 8, 9], [], -1)]"
"in any event, this is a place i'll be sure to stop by again when i'm in this part of town.","[([6], [], 1)]"
big wong gets big ups for a fine establishment.,"[([0, 1], [], 1)]"
"they have it all -- great price, food and s service","[([7], [], 1), ([10], [], 1)]"
the atmosphere is noisy and the waiters are literally walking around doing things as fast as they can.,"[([1], [], -1), ([6], [], 1)]"
and it all comes at a very reasonable price ( congee noodles and r rice dishes re no more than $3-6 each).,"[([10], [], 1), ([11], [], 1), ([14, 15], [], 1)]"
the takeout is great too since they give high quality tupperware as well.,"[([1], [], 1)]"
this place is always very crowded and popular.,"[([1], [], 1)]"
enjoyed a very nice caesar salad while my wife had arugula and goat cheese ...both very tasty.,"[([4, 5], [], 1), ([10, 11, 12, 13], [], 1)]"
we both opted for a pasta dish and they were served timely and fresh.,"[([5, 6], [], 1)]"
we concluded with tiramisu chocolate cake both were delicious.,"[([3, 4, 5], [], 1)]"
i recently went to this restaurant with some co-workers for lunch and had an amazing time.,"[([5], [], 1)]"
"the staff was accomodating, the food was absolutely delicious and the place is lovely.","[([1], [], 1), ([5], [], 1), ([11], [], 1)]"
we even had a visit from the manager who wanted to make sure we were enjoying ourselves.,"[([7], [], 1)]"
sometimes i get good food and ok service,"[([4], [], 1), ([7], [], 0)]"
sometimes i get bad food and bad service sometimes i get good g good nd bad s service,"[([4], [], -1), ([7], [], -1), ([17], [], -1), ([13], [], 1)]"
the place is a bistro which means: simple dishes and wine served efficiently in a bustling atmosphere,"[([8], [], 1), ([10], [], 1), ([16], [], 1)]"
and where does patis go wrong; no where.,"[([3], [], 1)]"
and evaluated on those terms pastis is simply wonderful.,"[([5], [], 1)]"
right off the l in brooklyn this is a nice cozy place with good pizza,"[([14], [], 1), ([11], [], 1)]"
mine was a little burnt but still delicious with goat cheese and panchetta ( raddichio was kind of bitter though).,"[([14], [], -1)]"
my friend got the mushroom pizza which tasted better.,"[([4, 5], [], 1)]"
the sangria was pretty tasty and good on a hot muggy day.,"[([1], [], 1)]"
kind of a small place but i guess if they are not too busy might be able to fit a group or kids.,"[([4], [], 0)]"
i started out with a bombay beer which was big enough for two.,"[([5, 6], [], 1)]"
"service was slow, but the people were friendly.","[([0], [], -1), ([5], [], 1)]"
it's a nice place to relax and have conversation.,"[([3], [], 1)]"
the food is authentic italian - delicious!,"[([1], [], 1)]"
"pizza is terrific, as is homemade pasta .","[([0], [], 1), ([5, 6], [], 1)]"
"ambience is delightful, service impeccable.","[([0], [], 1), ([3], [], 1)]"
i'm still mad that i had to pay for lousy food,"[([10], [], -1)]"
the hanger steak was like rubber and the tuna was flavorless not to mention it tasted like it had just been thawed.,"[([1, 2], [], -1), ([8], [], -1)]"
service was also horrible and the ambience is not that great.,"[([0], [], -1), ([6], [], -1)]"
i go and eat out at many different restaurants and this is one place you have go and try.,"[([13], [], 1)]"
this is my first time writing a review for a restaurant because the food and service was excellent.,"[([13], [], 1), ([15], [], 1)]"
the filet mignon dish was superb!,"[([1, 2, 3], [], 1)]"
it's a small cute restaurant,"[([4], [], 1)]"
i absolutely love this place !!,"[([4], [], 1)]"
i like the ambience it's very dark and original.,"[([3], [], 1)]"
the sushi is amazing!!!,"[([1], [], 1)]"
very affordable and excellent ambient,"[([4], [], 1)]"
we ordered some beef and noodle soup dishes from the thai section of the menu but nothing we got was thai.,"[([3, 4, 5, 6, 7], [], -1)]"
we won't go to this place again for a good meal,"[([10], [], -1)]"
"however, i think this place is a good hang out spot.","[([4], [], 1)]"
my girlfriend and i stumbled onto this hopping place the other night and had a great time!,"[([8], [], 1)]"
the pizza and wine were excellent-the service too--but what really made this place was the backyard dining area,"[([1], [], 1), ([3], [], 1), ([6], [], 1), ([15, 16, 17], [], 1)]"
it is one the nicest outdoor restaurants i have ever seen in ny--i am from italy and this place rivals the ones in my country.,"[([5, 6], [], 1)]"
check this place out!,"[([2], [], 1)]"
"first of all, this place is *not* romantic, as claimed by citysearch's editorial review.","[([4], [], -1)]"
"the tables are crammed way too close, the menu is typical of any italian restaurant, and the wine list is simply overpriced.","[([1], [], -1), ([8], [], 0), ([17, 18], [], -1)]"
slightly above average wines start at $70+ with only one selection listed at $30+.,"[([3], [], -1), ([3], [], -1)]"
service is not what one would expect from a joint in this price category.,"[([0], [], -1)]"
somehow working the italian charm with constant mille grazie does not constitute proper service,"[([13], [], -1)]"
"to be completely fair, the only redeeming factor was the food which was above average, but couldn't make up for all the other deficiencies of t teodora","[([10], [], 1), ([26], [], -1)]"
not one of our meals was edible - bland and/or made with weird rosemary or orange flavoring,"[([4], [], -1), ([13, 14, 15, 16], [], -1)]"
fish was overdone.,"[([0], [], -1)]"
cute place nice wait staff but would never go there again.,"[([3, 4], [], 1), ([1], [], 1), ([1], [], -1)]"
someone else recommended the dessert - we also left that.,"[([4], [], -1)]"
one of us actually liked the expresso - that's it.,"[([6], [], 1)]"
skip this restaurant it's a big disappointment.,"[([2], [], -1)]"
myagi is one of my favorite restaurants in the city; the place the negative reviews describe sound like they were somewhere else.,"[([0], [], 1)]"
i've never had bad service and the fish is fresh and delicious.,"[([4], [], 1), ([7], [], 1)]"
their tuna tartar appetizer is to die for.,"[([1, 2, 3], [], 1)]"
"i come from a family of pizzeria owners, and i'm almost ashamed to say that the pizza in fornino's blows my families receipies away.","[([16], [], 1)]"
the place is so cool and the service is prompt and curtious.,"[([7], [], 1), ([1], [], 1)]"
i highly recommend to anyone to give this place a try.,"[([8], [], 1)]"
a restaurant that doesn't try to do anything except serve great food with great service in a pleasant atmosphere,"[([11], [], 1), ([14], [], 1), ([18], [], 1)]"
no gimmicks here -- the food speaks for itself in its freshness and preparation.,"[([5], [], 1)]"
the dining room is quietly elegant with no music to shout over -- how refreshing!,"[([1, 2], [], 1)]"
"the service was impeccable and unobtrusive -- the staff knows what they are there to do -- to know their menu, present your meal, and attend to your needs.","[([1], [], 1), ([8], [], 1)]"
"looking around, i saw a room full of new yorkers enjoying a real meal in a real restaurant not a clubhouse of the fabulous trying to be seen.","[([13], [], 1), ([17], [], 1)]"
the view is breathtaking the service is top notch... the ambiance is wonderfull.,"[([1], [], 1), ([5], [], 1), ([10], [], 1)]"
the staff offers impeccable service.,"[([1], [], 1)]"
i had lobster bisque it has 2 oz. of maine lobster in it.,"[([2, 3], [], 1)]"
my boyfriend had the new england chowder it was good but i think the award should go to the lobster bisque,"[([4, 5, 6], [], 1), ([19, 20], [], 1)]"
my boyfriend had prime rib it was good .,"[([3, 4], [], 1)]"
we didn't want a bottle of bubbly on a weekday so we each got little bottles of korbett it was just enough.,"[([15, 16, 17], [], 1)]"
my wife and i ate here earlier this week and have not stopped ranting and raving about the food,"[([18], [], 1)]"
if you like spicy food get the chicken vindaloo,"[([7, 8], [], 1)]"
go to volare for 1st class service and terrific food,"[([6], [], 1), ([9], [], 1)]"
the portions are large and the servers always surprise us with a different starter.,"[([1], [], 1)]"
the wine list is excellent.,"[([1, 2], [], 1)]"
the food is amazing... especially if you get the chef's tasting menu and your favourite bottle (or two!) of wine from an extensive selection of wines,"[([1], [], 1), ([23, 24, 25], [], 1), ([9, 10, 11], [], 1)]"
"the place is small and intimate and you may feel a little crowded, but the service is excellent and it's great for friends out, a romantic date, or a special occassion.","[([15], [], 1), ([1], [], -1), ([1], [], 1)]"
the food can get pricey but the prixe fixe tasting menu is the greatest food for a good price and they cater the food to any food allergies or food you don't like.,"[([1], [], -1), ([7, 8, 9, 10], [], 1), ([7, 8, 9, 10], [], 1)]"
"with the exception of our lemon salad that had so much pepper on it that our eyes started watering, the food here was decent, not great.","[([20], [], 0), ([5, 6], [], -1)]"
the menu is very limited - i think we counted 4 or 5 entrees.,"[([1], [], -1)]"
"we ordered the special, grilled branzino that was so infused with bone, it was difficult to eat.","[([4, 5], [], -1)]"
"the decor in this place is very diner-ish and the kind of place you expect in the east village - not romantic, just simple, small and sparse.","[([1], [], 0)]"
problem is nothing at prune is particularly memorable.,"[([4], [], -1)]"
this place is so much fun.,"[([1], [], 1)]"
our family never expected such incredible entertainment in a restaurant.,"[([6], [], 1)]"
our food was great too!,"[([1], [], 1)]"
and really large portions,"[([3], [], 1)]"
the staff was the friendliest that have seen in new york.,"[([1], [], 1)]"
if you want something really different than try jekyll and hyde,"[([8, 9, 10], [], 1)]"
the food was pretty tradional but it was hot and good with large portions,"[([1], [], 1), ([13], [], 1)]"
the place is a lot of fun.,"[([1], [], 1)]"
the characters really make for an enjoyable experience.,"[([1], [], 1)]"
"the food however, is what one might expect.","[([1], [], -1)]"
"however, i think jeckll and hydes t is one of those places that is fun to do once.","[([3, 4, 5], [], 1)]"
service was slow had to wait to order and get food although not crowded.,"[([0], [], -1)]"
drinks way over priced.,"[([0], [], -1)]"
food was good not great not worth the wait or another visit,"[([0], [], 0)]"
great pizza for lunch place.,"[([1], [], 1)]"
service was quick.,"[([0], [], 1)]"
the pizza was great.,"[([1], [], 1)]"
"whenever you need a sushi fix, mizu will be there with quality fish and great service","[([12], [], 1), ([15], [], 1)]"
delivery is fast too.,"[([0], [], 1)]"
great friendly service fast s seating fast delivery excellent s sushi,"[([2], [], 1), ([5], [], 1), ([7], [], 1), ([10], [], 1)]"
ess-a-bagel (either by sty-town or midtown) is by far the best bagel in ny.,"[([11], [], 1)]"
"the bagels always warm, soft on the inside, crispy on the outside and enormous in size.","[([1], [], 1), ([1], [], 1)]"
they have a huge selection of different cream cheeses and all of their salads are great.,"[([13], [], 1), ([7, 8], [], 1)]"
the lox is always fresh too.,"[([1], [], 1)]"
not impressed with the food,"[([4], [], -1)]"
prices too high for this cramped and unappealing resturant,"[([8], [], -1), ([8], [], -1)]"
zero ambiance to boot.,"[([1], [], -1)]"
i thought this place was totally overrated.,"[([3], [], -1)]"
"the ambience was nice, but service wasn't so great.","[([1], [], 1), ([5], [], -1)]"
this is the best shabu-shabu restaurant in the try-state area.,"[([4, 5], [], 1)]"
i have lived in japan for 7 years and the taste of the food and the feel of the restaurant is like being back in japan.,"[([13], [], 1), ([16], [], 1)]"
thius is a must for anyone who loves shabu-shabu,"[([8], [], 1)]"
"the atmosphere is nothing special, but it feels like a sushi establishment in tokyo.","[([1], [], 1)]"
the owner and staff are all japanese as well and that adds to the entire ambiance,"[([1], [], 1), ([3], [], 1), ([15], [], 1)]"
"despite a slightly limited menu everything prepared is done to perfection, ultra fresh and a work of food art.","[([4], [], -1)]"
taxan delicious!,"[([0], [], 1)]"
the prices were cheap compared to the quality of service and food,"[([9], [], 1), ([11], [], 1)]"
the location and ambience is ok but the food is what makes up for it.,"[([1], [], 0), ([3], [], 0), ([8], [], 1)]"
try green curry with vegetables,"[([1, 2, 3, 4], [], 1)]"
"the quantity is also very good, you will come out satisfied.","[([1], [], 1)]"
"the service is ok, some of the people didn't get what they asked for.","[([1], [], 0)]"
i had the best ravioli ever.,"[([4], [], 1)]"
the wine the service was very good too.,"[([1], [], 1), ([3], [], 1)]"
this quaint and romantic trattoria is at the top of my manhattan restaurant list.,"[([4], [], 1), ([4], [], 1)]"
the food is delicious - from the specials to the regular menu-fare the dishes are never a disappointment.,"[([1], [], 1), ([13], [], 1), ([7], [], 1), ([10, 11], [], 1)]"
whether it's the parmesean porcini souffle or the lamb glazed with balsamic vinegar you will surely be transported to northern italy with one bite.,"[([3, 4, 5], [], 1), ([8, 9, 10, 11, 12], [], 1)]"
"although the tables may be closely situated, the candle-light f food uality and service overcompensate.","[([8], [], 1), ([10], [], 1), ([13], [], 1), ([2], [], -1)]"
"i have known about this secret for the last 13 years, emilio(the godfather) has continued to serve food and wine for the gods at mortal prices.","[([17], [], 1), ([19], [], 1), ([17], [], 1), ([19], [], 1)]"
"if you go, try the marinara/arrabiatta sauce the m mozzarella en carozza s mmmmmmmm..... everything is just delicious.","[([5, 6], [], 1), ([9, 10, 11], [], 1)]"
check out the secret back room,"[([4, 5], [], 1)]"
thank you emilio,"[([2], [], 1)]"
i found the food s service nd value exceptional everytime i have been there.,"[([3], [], 1), ([5], [], 1)]"
the food was authentic.,"[([1], [], 1)]"
the service was excellent - friendly and attentive.,"[([1], [], 1)]"
very good wine choices,"[([2, 3], [], 1)]"
who has room for cheesesticks with the best pizza in nyc!,"[([8], [], 1)]"
get the pepperoni - yum - and a family style salad,"[([2], [], 1), ([8, 9, 10], [], 1)]"
great staff,"[([1], [], 1)]"
always great service,"[([2], [], 1)]"
"the food is good, i can't lie.","[([1], [], 1)]"
but the staff was so horrible to us.,"[([2], [], -1)]"
the hostess and the waitress were incredibly rude and did everything they could to rush us out.,"[([1], [], -1), ([4], [], -1)]"
we were planning to get dessert but the waitress basically through the bill at us before we had a chance to order.,"[([8], [], -1)]"
"this place is pricey, and yes, the food is worth it; but the service makes you feel like you should be paying a quater of the price.","[([1], [], -1), ([7], [], 1), ([13], [], -1)]"
amma is nothing special.,"[([0], [], 0)]"
i ate here a week ago and found most dishes average at best and too expensive.,"[([9], [], -1), ([9], [], -1)]"
don't dine at tamarind for the vegetarian dishes they are simply not up to par with the n non-veg selections,"[([6, 7], [], -1), ([18, 19], [], 1)]"
decor is nice though service can be spotty.,"[([0], [], 1), ([4], [], -1)]"
this place is always packed.,"[([1], [], 0)]"
"most importantly, food is excellent.","[([2], [], 1)]"
try the sea bass,"[([2, 3], [], 1)]"
first of all dal bukhara rocks.,"[([3, 4], [], 1)]"
i am happy i did the food was awsome.,"[([6], [], 1)]"
and yes dal bukhara is so dam good and so are all the kababs,"[([13], [], 1), ([2, 3], [], 1)]"
haru on park s is simply disgusting.,"[([0, 1, 2, 3], [], -1)]"
the fish was not fresh and the rice tasted old and stale.,"[([1], [], -1), ([7], [], -1)]"
"quite frankly, this is some of the worst sushi i have ever tried.","[([8], [], -1)]"
honestly the worst sushi my husband and i had in our entire lives.,"[([3], [], -1)]"
not sure why this restaurant would be rated that highly.,"[([4], [], -1)]"
the all-u-can-eat sushi is definitely in very poor quality.,"[([1, 2], [], -1)]"
limited menu no-so-fresh i ingredients thinly-sliced fish fall-apart r rice,"[([1], [], -1), ([4], [], -1), ([6], [], -1), ([9], [], -1)]"
"the only things u could really taste are the very salty soy sauce (even its low sodium), the vinegar-soaked rice and the scallion on top of the fish.","[([11, 12], [], -1), ([19], [], -1)]"
the waitstaffs are nice though.,"[([1], [], 1)]"
i have been to roth's twice and both times were very disappointing.,"[([4], [], -1)]"
both times i was extremely dissappointed by the service which was boarderline rude.,"[([8], [], -1)]"
"the dinner was ok, nothing i would have again.","[([1], [], -1)]"
"i had their eggs benedict for brunch, which were the worst in my entire life, i tried removing the hollondaise sauce completely that was how failed it was.","[([3, 4], [], -1)]"
with the theater 2 blocks away we had a delicious meal in a beautiful room,"[([10], [], 1), ([14], [], 1)]"
the service was attentive.,"[([1], [], 1)]"
planet thai is great!,"[([0, 1], [], 1)]"
we love the food d drinks and atmosphere,"[([3], [], 1), ([5], [], 1), ([7], [], 1)]"
"the svc can be a bit rude at times, esp if you have big group, but overall the restaurant is a must!","[([1], [], -1), ([18], [], 1)]"
try the pad thai it's fabulous and their prices are so cheap!,"[([2, 3], [], 1)]"
"just because it's cheap does not mean the portions are small or the food is nasty, it is great!","[([8], [], 1), ([13], [], 1)]"
"also, the sandwiches (nearing $7) didn't come with anything like chips or a side.","[([2], [], -1), ([2], [], -1)]"
"eating in, the atmosphere saves it, but at your desk, it's a very disappointing experience.","[([3], [], 1)]"
chennai garden is my favorite indian restaurant in the city.,"[([0, 1], [], 1)]"
they have authentic indian at amazin prices.,"[([3], [], 1), ([3], [], 1)]"
this restaurant is vegetarian; there are no meat dishes whatsoever.,"[([7, 8], [], -1)]"
the seats are uncomfortable if you are sitting against the wall on wooden benches.,"[([1], [], -1)]"
it's a rather cramped and busy restaurant and it closes early.,"[([6], [], -1), ([6], [], -1)]"
patroon features a nice cigar bar and has great staff,"[([4, 5], [], 1), ([9], [], 1)]"
the food is tasty and portion sizes are appropriate.,"[([1], [], 1), ([5, 6], [], 1)]"
this is a nice restaurant if you are looking for a good place to host an intimate dinner meeting with business associates.,"[([4], [], 1)]"
not a great place for family or general dining.,"[([3], [], -1)]"
lloovve this place,"[([2], [], 1)]"
food is excellent.,"[([0], [], 1)]"
fish is so very fresh.,"[([0], [], 1)]"
waitstaff are very friendly.,"[([0], [], 1)]"
love yuka,"[([1], [], 1)]"
mermaid inn is an overall good restaurant with really good seafood,"[([10], [], 1), ([0, 1], [], 1)]"
the menu is limited but almost all of the dishes are excellent.,"[([1], [], -1), ([9], [], 1)]"
the lobster sandwich is good and the spaghetti with scallops and shrimp is great.,"[([1, 2], [], 1), ([7, 8, 9, 10, 11], [], 1)]"
the service is good and ambience is good for a date or group outing.,"[([1], [], 1), ([5], [], 1)]"
the only fallback on this restaurant is the prices.,"[([5], [], -1)]"
even though its good seafood the prices are too high.,"[([4], [], 1)]"
the lobster sandwich is $24 and although it was good it was not nearly enough to warrant that price.,"[([1, 2], [], 1), ([1, 2], [], -1)]"
the food was delicious (i had a halibut special my husband had s steak and the s service as top-notch.,"[([1], [], 1), ([7, 8], [], 1), ([13], [], 1), ([17], [], 1)]"
"when my dessert came, there was a candle in it - not because anyone asked for one - but because the waiter must have seen me opening my birthday card and gift, and said he knew it was a special occassion of some sort.","[([21], [], 1)]"
truly the mark of an attentive waiter,"[([6], [], 1)]"
i highly recommend the restaurant based on our experience last night.,"[([4], [], 1)]"
we ate at this thai place following the reviews but very unhappy with the foods,"[([14], [], -1)]"
we thought that this place is using too much of msg cooking in the foods,"[([14], [], -1)]"
i recommend the jelly fish d drunken chicken nd the soupy dumplings certainly the s stir fry blue crab,"[([3, 4], [], 1), ([6, 7], [], 1), ([10, 11], [], 1), ([15, 16, 17, 18], [], 1)]"
the food is so cheap and the waiters are nice.,"[([1], [], 1), ([7], [], 1)]"
have frequented 'ino for several years and the food remains excellent.,"[([8], [], 1)]"
cheese plate is a varied delight and great bargain at $10.,"[([0, 1], [], 1), ([0, 1], [], 1), ([0, 1], [], 1)]"
the large selection of bruschettas p paninis tramezzinis keep the palate from stagnating.,"[([4], [], 1), ([6], [], 1), ([7], [], 1)]"
"(the asparagus, truffle oil, parmesan bruschetta is a winner!)","[([1, 2, 3, 4, 5], [], 1)]"
wine list is extensive without being over-priced.,"[([0, 1], [], 1), ([0, 1], [], 1)]"
"be sure to try the seasonal, and always delicious, specials","[([9], [], 1)]"
i loved this place !,"[([3], [], 1)]"
i almost hesititate to write a review because the atmosphere was so great and i would hate for it too become to crowded.,"[([9], [], 1)]"
"the food was very good, a great deal, and the place its self was great.","[([1], [], 1), ([1], [], 1), ([10], [], 1)]"
"the wait staff is very freindly, they make it feel like you're eating in a freindly little european town.","[([1, 2], [], 1)]"
"i like cafe noir dont get me wrong, it is jsut that the people who work there are evil and incompetent!!","[([13], [], -1), ([2, 3], [], 1)]"
"the service was terrible, we had to wait for everything and ask several of different people for the same thing before we were allowed to be served.","[([1], [], -1)]"
the waitress seems to be more concerned of looking good than actually waitressing.,"[([1], [], -1)]"
"after dinner the manager grabbed my boyfriend, asked him: where are you from...maybe you dont know how things work in america...and in the end stormed away almost teareyed yelling that tips are the only thing they survive on.","[([3], [], -1)]"
"we did tip, i guess the model/ waitress just wanted more and complained to the manager.","[([7], [], -1)]"
the whole set up is truly unprofessional and i wish cafe noir would get some good staff because despite the current one this is a great place.,"[([16], [], -1), ([10, 11], [], 1)]"
pizza here is consistently good.,"[([0], [], 1)]"
salads are a delicious way to begin the meal.,"[([0], [], 1)]"
you should pass on the calamari,"[([5], [], -1)]"
decor is charming.,"[([0], [], 1)]"
service is average.,"[([0], [], 0)]"
what a great place,"[([3], [], 1)]"
"the ambience was so fun, and the prices were great, on top of the fact that the food was really tasty.","[([1], [], 1), ([17], [], 1)]"
i would definitely recommend sea if you like thai cuisine,"[([8, 9], [], 1)]"
i was here a few weeks back and we had the worst customer service experience at a restaurant ever.,"[([12, 13], [], -1)]"
"a gentleman maybe the manager, came to our table, and without so much as a smile or greeting asked for our order.","[([1], [], -1)]"
i absolutely loved this place,"[([4], [], 1)]"
excellent atmosphere delicious d dishes ood and friendly service,"[([1], [], 1), ([4], [], 1), ([8], [], 1)]"
the wine list is also really nice.,"[([1, 2], [], 1)]"
everything was wonderful; food d drinks staff m mileau,"[([3], [], 1), ([5], [], 1), ([6], [], 1), ([8], [], 1)]"
i would highly recommend this place,"[([5], [], 1)]"
i have been to casimir over 5 times and i have always had a great time there.,"[([4], [], 1)]"
the food is great and reasonably priced.,"[([1], [], 1), ([1], [], 1)]"
"i have tried to make reservations, but both times, the hostess didn't have my name.","[([10], [], -1)]"
"if the weather is nice, try to snag an outside table","[([9, 10], [], 1)]"
"the staff has been nice, but they seemed really stressed and the unisex bathroom needs to be cleaned more often.","[([1], [], 1), ([12, 13], [], -1)]"
from the spectacular caviar to the hospitable waitstaff i felt like royalty and enjoyed every second of it.,"[([3], [], 1), ([7], [], 1)]"
"considering we were the last patrons there and it was after the closing time, the waitstaff did not rush us at all and made us feel comfortable and relaxed.","[([15], [], 1)]"
i highly recommend caviar russe to anyone who wants delicious top grade caviar and fantastic service,"[([12], [], 1), ([15], [], 1)]"
nice family owned traditional restaurant,"[([4], [], 1)]"
fresh ingredients and everything is made to order.,"[([1], [], 1)]"
friendly staff that actually lets you enjoy your meal and the company you're with.,"[([1], [], 1)]"
"i found the food to be outstanding, particulary the salmon dish i had.","[([3], [], 1), ([9, 10], [], 1)]"
i also ordered the change mojito which was out of this world.,"[([4, 5], [], 1)]"
"my friends settled for rice dishes, but we came back the following day to try the dim sum which was good...not outstanding, but good.","[([16, 17], [], 0)]"
we ate out in the back patio which is worth it as it's cool and the m music s hear well there.,"[([5, 6], [], 1), ([17], [], 1)]"
"overall, excellent restaurant","[([2], [], 1)]"
the food was good.,"[([1], [], 1)]"
the place was nice and calm.,"[([1], [], 1)]"
but the service was a bit slow.,"[([2], [], -1)]"
the buffet had a nice selection.,"[([1], [], 1)]"
the food was average or above including some surprising tasty dishes,"[([1], [], 1), ([10], [], 1)]"
service was also very good.,"[([0], [], 1)]"
i got an excellent piece of cheesecake and we had several other nice pastries,"[([6], [], 1), ([13], [], 1)]"
"i would recommend roxy's for that, but not for their food","[([10], [], -1)]"
my son and his girlfriend both wanted cheeseburgers and they were huge!,"[([7], [], 0)]"
"consequently, their burgers fell apart in their hands and made such a mess that they did'nt feel like finishing them.","[([2], [], -1)]"
i had a huge pastrami sandwich on a roll,"[([4, 5, 6, 7, 8], [], 0)]"
"this place is really trendi but they have forgotten about the most important part of a restaurant, the f food","[([19], [], -1), ([1], [], 1)]"
"the last two times i ordered from here my food was soo spicy that i could barely eat it, and the s spice ook away from the flavor of the dish.","[([9], [], -1), ([22], [], -1)]"
and the tom kha soup was pathetic.,"[([2, 3, 4], [], -1)]"
if you want good authentic thai this place is not the place to go.,"[([5], [], -1)]"
"we went here for lunch a couple of weeks ago on a saturday, and i was thoroughly impressed with the food","[([20], [], 1)]"
"the pesto pizza was excellent, thin-crust pizza with a nice amount of spicy italian cheese that i'd never heard of before.","[([1, 2], [], 1), ([12, 13, 14], [], 1)]"
"the back garden sitting area is very pleasant, where you can see their personal herb garden.","[([1, 2, 3, 4], [], 1)]"
we had the lobster sandwich and it was fantastic.,"[([3, 4], [], 1)]"
"my husband said he could've eaten several more, the portion was fine for me he even exclaimed that the french fries were the best he has had.","[([9], [], 1), ([19, 20], [], 1)]"
we had the scallops as an appetizer and they were delicious and the sauce was wonderful.,"[([3], [], 1), ([13], [], 1)]"
we waited at the bar and had martinis that were just right.,"[([7], [], 1)]"
love the food,"[([2], [], 1)]"
it's the only place you can get yummy authentic japanese comfort food,"[([9, 10, 11], [], 1)]"
i've lived in ny for 5 years and this place has it all.,"[([9], [], 1)]"
great food good size m menu great service and an unpretensious setting,"[([1], [], 1), ([5], [], 1), ([7], [], 1), ([11], [], 1)]"
"the dishes offered were unique, very tasty and fresh from the lamb sausages s sardines with biscuits large whole shrimp to the amazing pistachio ice cream (the best and freshest i've ever had).","[([1], [], 1), ([11, 12], [], 1), ([14, 15, 16], [], 1), ([17, 18, 19], [], 1), ([23, 24, 25], [], 1)]"
i'm glad i was introduced to this place and this is a rare gem in ny.,"[([7], [], 1)]"
"the freshest, best variety, and the fastest delivery","[([7], [], 1)]"
the service was excellent and the food was delicious.,"[([1], [], 1), ([6], [], 1)]"
we are very particular about sushi and were both please with every choice which included: ceviche mix (special) c crab dumplings assorted sashimi s sushi nd rolls t two types of sake and the banana tempura,"[([5], [], 1), ([15, 16, 17], [], 1), ([19, 20], [], 1), ([21, 22], [], 1), ([24], [], 1), ([26], [], 1), ([28, 29, 30, 31], [], 1), ([34, 35], [], 1)]"
definitely a great spot for a nice occasion or date.,"[([3], [], 1)]"
average to good thai food but terrible d delivery,"[([3, 4], [], 1), ([8], [], -1)]"
a thai restaurant out of rice during dinner?,"[([1, 2], [], -1)]"
"the food arrived 20 minutes after i called, cold and soggy.","[([1], [], -1)]"
this is a wonderful place on all stand points especially value ofr money.,"[([4], [], 1), ([4], [], 1)]"
an excellent service,"[([2], [], 1)]"
we were greeted promptly by the waiter who was very nice and cordial.,"[([6], [], 1)]"
she was very helpful in suggesting us drinks and helped us in ordering a lot of good dishes since we knew nothing about indian food.,"[([17], [], 1)]"
the food looked very appetizing and delicious since it came on a variety of fancy plates.,"[([1], [], 1)]"
we ended our great experience by having gulab jamun (dessert) recommended by the waiter.,"[([7, 8, 9], [], 1)]"
i thanked my friend who recommended me this restaurant and will certainly recommend it to others.,"[([8], [], 1)]"
"service here was great, food was fantastic.","[([0], [], 1), ([4], [], 1)]"
"guacamole+shrimp appetizer was really great, we both had the filet , very good, didn't much like th frites s that came with, but the filet was so good, neither of us cared.","[([0, 1], [], 1), ([9], [], 1), ([17], [], -1)]"
you cannot go wrong with this place,"[([6], [], 1)]"
"the food is outstanding and the service is quick, friendly and very professional.","[([1], [], 1), ([6], [], 1)]"
always a nice crowd but never loud.,"[([3], [], 1)]"
i am reluctant to write because i would not want my jem of a pizza place to become overcrowded.,"[([14, 15], [], 1)]"
"by far, the best pizza in manhattan.","[([4], [], 1)]"
"the crust is thin, the ingredients are fresh and the staff is friendly.","[([1], [], 1), ([10], [], 1), ([5], [], 1)]"
the menu has so many fish items and oysters.,"[([1], [], 1)]"
"the fish was really,really fresh.","[([1], [], 1)]"
we all agreed that mare is one of the best seafood restaurants in new york.,"[([4], [], 1)]"
i stumbled upon this great pizzeria as i explored my new neighborhood.,"[([5], [], 1)]"
all of the pizzas are terrific and the price is even better!,"[([3], [], 1)]"
i highly recommend the sophia pizza,"[([4, 5], [], 1)]"
the food was mediocre at best but it was the horrible service that made me vow never to go back.,"[([1], [], -1), ([11], [], -1)]"
"immediately after we paid, the waiter took the money and said, okay, you guys are outta here.","[([5], [], -1)]"
for the people who want great food plus great service roxy is a place to avoid!,"[([6], [], -1), ([9], [], -1)]"
"the first time the sushi was outstanding, the second time it was a little bland.","[([4], [], 1), ([4], [], -1)]"
"the blond wood decor is very soothing, the premium sake is excellent and the service is great.","[([1, 2, 3], [], 1), ([8, 9], [], 1), ([14], [], 1)]"
mizu is the japenese find in grammercy.,"[([0], [], 1)]"
"while their kitchen food is delicious, their sushi is out of this world.","[([2, 3], [], 1), ([7], [], 1)]"
mizu is home to creative and unique rolls not to found anywhere else.,"[([7], [], 1)]"
"not only is the cuisine the best around, the service has always been attentive and charming.","[([4], [], 1), ([9], [], 1)]"
warning: you may find it difficult to dine at other japanese restaurants after a visit to mizu,"[([16], [], 1)]"
"thalia is a beautiful restaurant with beautiful people serving you, but the food doesn't quite match up.","[([7], [], 1), ([12], [], -1), ([0], [], 1)]"
i ordered the smoked salmon and roe appetizer and it was off flavor.,"[([3, 4, 5, 6, 7], [], -1)]"
"the entree was bland and small, dessert was not inspired.","[([1], [], -1), ([1], [], -1), ([6], [], -1)]"
i expected quite a bit more from such an expensive menu,"[([10], [], -1), ([10], [], -1)]"
"the view is spectacular, and the food is great.","[([1], [], 1), ([6], [], 1)]"
wonderful strawberry daiquiries as well!,"[([1, 2], [], 1)]"
authentic taiwanese food that's cheap... what more could you ask for?,"[([1, 2], [], 1), ([1, 2], [], 1)]"
the cold appetizer dishes taste like the way i remember them to taste when i was growing up in taiwan.,"[([1, 2, 3], [], 1)]"
delicious simple food in nice outdoor atmosphere,"[([2], [], 1), ([2], [], 1), ([5, 6], [], 1)]"
"kind, attentive wait staff","[([2, 3], [], 1)]"
i really like both the scallops and the mahi mahi (on saffron risotto yum!).,"[([5], [], 1), ([8, 9, 10, 11, 12], [], 1)]"
my friend devoured her chicken and mashed potatos,"[([4, 5, 6, 7], [], 1)]"
delicious crab cakes too.,"[([1, 2], [], 1)]"
"even if the food wasn't this good, the garden is a great place to sit outside and relax.","[([8], [], 1), ([3], [], 1)]"
great neighborhood joint,"[([2], [], 1)]"
this is a nice pizza place with good selection of thin crust pizza including the basil slice,"[([8, 9, 10, 11, 12], [], 1), ([8, 9, 10, 11, 12], [], 1), ([4, 5], [], 1), ([15, 16], [], 1)]"
"their calzones are horrific, bad, vomit-inducing, yuck.","[([1], [], -1)]"
the counter service is bad.,"[([1, 2], [], -1)]"
no pizza 33 for me!,"[([1, 2], [], -1)]"
"the dosas are skimpy, unattractive and drip with grease, and personally i'd drink popcorn topping before i'd eat another one of these.","[([1], [], -1), ([1], [], -1)]"
"the sandwiches are dry, tasteless and way overpriced.","[([1], [], -1), ([1], [], -1)]"
"calling the place hampton chutney co. does warn you that these folks offer more style than substance, but in this unattractive room with unhelpful clerks there was a dearth of the former too.","[([2], [], -1), ([21], [], -1), ([24], [], -1)]"
"seriously, this place kicks ass.","[([2], [], 1)]"
"the atmosphere is unheralded, the service impecible, and the food magnificant.","[([1], [], 1), ([5], [], 1), ([9], [], 1)]"
"best italian food i ever had (and being italian, that means alot).","[([1, 2], [], 1)]"
"this is such a lovely, peaceful place to eat outside.","[([6], [], 1)]"
the restaurant looks out over beautiful green lawns to the hudson river and the statue of liberty.,"[([1], [], 1)]"
"the food is good, especially their more basic dishes and the d drinks re delicious.","[([1], [], 1), ([7, 8], [], 1), ([12], [], 1)]"
"this is a great place to take out-of-towners, and perfect for watching the sunset.","[([4], [], 1)]"
great sushi experience.,"[([1], [], 1)]"
unique apppetizers,"[([1], [], 1)]"
try sushimi cucumber roll,"[([1, 2, 3], [], 1)]"
good spreads great b beverage selections nd bagels really tasty.,"[([1], [], 1), ([4, 5], [], 1), ([7], [], 1)]"
but who says murray's is anything about service,"[([7], [], -1)]"
the service is awful.,"[([1], [], -1)]"
this place is not worth the prices.,"[([1], [], -1), ([1], [], -1)]"
love pizza 33 .,"[([1, 2], [], 1)]"
i will be out with friends and all of a sudden i am hungry and i only crave one thing... their pizza,"[([21], [], 1)]"
this tiny williamsburg spot is always pleasantly surprising.,"[([2, 3], [], 1)]"
the pizza is delicious and the proprietor is one of the nicest in nyc.,"[([1], [], 1), ([6], [], 1)]"
the cream cheeses are out of this world and i love that coffee !,"[([1, 2], [], 1), ([12], [], 1)]"
"bagels are ok, but be sure not to make any special requests!","[([0], [], 0)]"
i asked for an open faced cheese sandwich and the manager basically told me to take my business elsewhere!,"[([10], [], -1)]"
be sure not to get anything other than bagels ..,"[([8], [], 1)]"
the turkey burgers are scary!,"[([1, 2], [], -1)]"
the soup for the udon was soy sauce and water.,"[([1, 2, 3, 4], [], -1)]"
the sushi was awful!,"[([1], [], -1)]"
the rice was poor quality and was cooked so badly it was hard.,"[([1], [], -1)]"
"furthermore, the rice had no seasoning, so the sushi was bland and disgusting.","[([2], [], -1), ([8], [], -1)]"
"the fish was adequate, but inexpertly sliced.","[([1], [], -1)]"
it is obvious that no one in the restaurant has any idea about or experience with japanese cuisine,"[([16, 17], [], -1)]"
"good, fast service","[([2], [], 1)]"
food is great and inexpensive.,"[([0], [], 1), ([0], [], 1)]"
the location is perfect.,"[([1], [], 1)]"
"well, this place is so ghetto its not even funny.","[([2], [], -1)]"
if you like your music blasted and the system isnt that great and if you want to pay at least 100 dollar bottle minimun then you'll love it here.,"[([22], [], -1), ([4], [], -1)]"
awsome pizza especially the margheritta slice,"[([1], [], 1), ([4, 5], [], 1)]"
great atmoshere and worth every bit.,"[([1], [], 1)]"
winnie and her staff are the best crew you can find serving you.,"[([3], [], 1), ([0], [], 1)]"
the food is reliable and the price is moderate.,"[([1], [], 1)]"
for authentic thai food look no further than toons.,"[([2, 3], [], 1)]"
try the pad thai or sample anything on the a appetizer menu .they're all delicious.,"[([2, 3], [], 1), ([10, 11], [], 1)]"
everything about this restaurant was special.,"[([3], [], 1)]"
"the service was attentive, yet discreet.","[([1], [], 1)]"
the brioche and lollies as party favors is a cute and sweet touch to a most memorable meal.,"[([1, 2, 3], [], 1)]"
the place was quiet and delightful.,"[([1], [], 1)]"
service was good and food is wonderful.,"[([0], [], 1), ([4], [], 1)]"
i did not try the caviar but i tried their salmon and crab salad (they are all good),"[([10], [], 1), ([12, 13], [], 1)]"
it is definitely a good spot for snacks and chat.,"[([5], [], 1)]"
"as a retired hipster, i can say with some degree of certainty that for the last year lucky strike has been the best laid-back late night in the city.","[([17, 18], [], 1)]"
"the wait staff is pleasant, fun, and for the most part gorgeous (in the wonderful aesthetic beautification way, not in that she's-way-cuter-than-me-that-b@#$* way).","[([1, 2], [], 1)]"
"the food is yummy, especially their cooked-to-perfection mussels in spicy tomato sauce and their shoestring crispy fries","[([1], [], 1), ([7, 8, 9, 10, 11], [], 1), ([16], [], 1)]"
but the best part about ls is the late night atmosphere delightfully free of the bts.,"[([8, 9, 10], [], 1)]"
you can get a completely delish martini in a glass (that's about 2 1/2 drinks) for $8.50 (i recommend the vanilla shanty mmmm!) in a great homey s setting ith great music,"[([6], [], 1), ([6], [], 1), ([6], [], 1), ([20, 21], [], 1), ([28], [], 1), ([31], [], 1)]"
"the in-house lady dj on saturday nights has outrageously good taste in music, and moreover, takes requests.","[([1, 2, 3], [], 1)]"
you can't go wrong with this place,"[([6], [], 1)]"
suan is a great place that i often take my friends (classmates) too.,"[([0], [], 1)]"
"its location is good and the fact that hutner college is near and their prices are very reasonable, makes students go back to suan again and again.","[([1], [], 1), ([23], [], 1)]"
i love their thai,"[([3], [], 1)]"
noodles with shrimp and chicken and coconut juice is the must!,"[([0, 1, 2, 3, 4, 5, 6, 7], [], 1)]"
i will go back to suan soon!,"[([5], [], 1)]"
in summer-eat outside on a terrace (another great feature of suan)!!!,"[([5], [], 1)]"
i cannot imagine a friendlier staff working in a restaurant.,"[([5], [], 1)]"
i cannot imagine better indian food in all of the city.,"[([4, 5], [], 1)]"
"during the course of the past 3 months, the chef and staff changed and it was not for the better.","[([9], [], -1), ([11], [], -1)]"
the food now is inconsistent.,"[([1], [], -1)]"
this is the kind of place you'd like to take all your friends to and still keep a secret.,"[([5], [], 1)]"
the setting is casual and romantic.,"[([1], [], 1)]"
the food is excellent!,"[([1], [], 1)]"
"if you're daring, try the balsamic vinegar over icecream it's wonderful!","[([5, 6, 7, 8], [], 1)]"
do not get the go go hamburgers no matter what the reviews say.,"[([4, 5, 6], [], -1)]"
"the rest of the dim sum though pricey by chinatown standards, is worth it.","[([4, 5], [], -1), ([4, 5], [], 1)]"
"the wait here is long for dim sum, but if you don't like sharing tables or if the typical raucous dim sum atmosphere is not your gig, this is a sleek (for chinatown) alternative.","[([1], [], -1), ([22], [], -1)]"
a few tips: skip the turnip cake r roast pork buns nd egg custards,"[([5, 6], [], -1), ([8, 9, 10], [], -1), ([12, 13], [], -1)]"
the food was exceptional.,"[([1], [], 1)]"
"i choose to go with one of the special, the braised lamb shank in red wine which was excellent.","[([10, 11, 12, 13, 14, 15], [], 1)]"
the service was friendly and the atmosphere was casual.,"[([1], [], 1), ([6], [], 0)]"
the restaurant is a bit noisy but that is something that can be overlooked once you sit down and enjoy a great meal,"[([22], [], 1), ([1], [], -1)]"
this little place has a cute interior decor and affordable city prices.,"[([6, 7], [], 1), ([2], [], 1)]"
"the pad se ew chicken was delicious, however the pad thai was far too oily.","[([1, 2, 3, 4], [], 1), ([9, 10], [], -1)]"
"have eaten at ginger house several times, and it's always good.","[([3, 4], [], 1)]"
the fried dumplings are great!,"[([1, 2], [], 1)]"
finally a reliable chinese restaurant,"[([3, 4], [], 1)]"
this place would be so much better served by being run by a group that actually understands customer service,"[([17, 18], [], -1)]"
"terrible, terrible management - deserves to be shut-down.","[([2], [], -1)]"
delicious bagels especially when right out of the oven.,"[([1], [], 1)]"
spreads and toppings are great - though a bit pricey.,"[([0], [], 1), ([2], [], 1), ([0], [], -1), ([2], [], -1)]"
service is fast and friendly.,"[([0], [], 1)]"
"the food is decent at best, and the ambience well, it's a matter of opinion, some may consider it to be a sweet thing, i thought it was just annoying.","[([1], [], -1), ([8], [], -1)]"
"rao is a good restaurant, but it's nothing special.","[([0], [], 0)]"
"but after last night, spice grill is the only place i'm eating indian cuisine","[([12, 13], [], 1)]"
you must try the shrimp appetizers,"[([4, 5], [], 1)]"
this place has the the correct ambience and an excellent staff to make you feel like a guest and a friend at the same time.,"[([6], [], 1), ([10], [], 1)]"
"great food great prices, great s service","[([1], [], 1), ([6], [], 1)]"
"if you are looking for a good quality, cheap eats - this is the place.","[([9], [], 1), ([9], [], 1)]"
it's a perfect place to have a amanzing indian food,"[([8, 9], [], 1)]"
i really loved the different and inovated touch that's the cheff gives to the food.,"[([10], [], 1)]"
also it's great to have dinner in a very romantic and confortable place the s service t's just perfect...they're so frendly that we never want to live the place!,"[([12], [], 1), ([15], [], 1)]"
"their bagels are fine, but they are a little overcooked, and not really a 'special' bagel experience.","[([1], [], -1)]"
great bagels made the old-fashioned way.,"[([1], [], 1), ([1], [], 1)]"
drawbacks: service is slow and they don't toast!,"[([1], [], -1)]"
the food was absolutely amazing!!,"[([1], [], 1)]"
the baked clams octopus we shared as appetizers were the best we've ever had!!,"[([1, 2, 3], [], 1)]"
"the lamb was tender so full of flavor, the dessert was divine!!","[([1], [], 1), ([9], [], 1)]"
the waiter was attentive.,"[([1], [], 1)]"
the place itself is beautiful the bar scene seems to be happening.,"[([1], [], 1), ([6, 7], [], 1)]"
"downtown dinner 2002 - prixe fix: appetizers were ok, waiter gave me poor suggestion..try the potato stuff kanish best one.","[([6], [], 0), ([9], [], -1), ([15, 16, 17], [], 1)]"
small servings for main entree i had salmon (wasnt impressed) girlfriend had chicken it was good.,"[([7], [], -1), ([12], [], 1), ([1, 2, 3, 4], [], -1)]"
dessert is a joke...dont bother,"[([0], [], -1)]"
"volare virgins or weekly regulars, everyone gets treated the same and you can't ask for more than that when the service is this friendly.","[([20], [], 1)]"
"the restaurant has a family feel, not least with regard to the portions which are enormous; the veal alone could have single-handedly solved third world famine.","[([1], [], 1), ([12], [], 1), ([17], [], 1)]"
"the anti-pasta was excellent, especially the calamari as were the filling p pasta mains","[([1], [], 1), ([6], [], 1), ([12, 13], [], 1), ([12, 13], [], 1)]"
the wine list is extensive and can easily hike up an otherwise reasonably priced meal,"[([1, 2], [], 1), ([14], [], 1)]"
"still, any quibbles about the bill were off-set by the pour-your-own measures of liquers which were courtesey of the house...","[([11, 12, 13], [], 1)]"
fantastic place,"[([1], [], 1)]"
lucky strike is a great casual place to just grab a bite to eat.,"[([0, 1], [], 1)]"
great food great d decor great service,"[([1], [], 1), ([4], [], 1), ([6], [], 1)]"
"this is the perfect spot for meeting friends, having lunch, dinner, pre-theatre or after-theatre drinks!","[([4], [], 1)]"
(always ask the bartender for the seasonal beer !!,"[([6, 7], [], 1)]"
excellent spot for holiday get togethers with co-workers or friends that you haven't seen in a while.,"[([1], [], 1)]"
i have been doing all of the above at the heartland brewery for over 5 years now and i have never been disappointed!,"[([10, 11], [], 1)]"
what a great place,"[([3], [], 1)]"
not the typical nyc gimmick theme restaurant,"[([6], [], 1)]"
a cool bar with great food and tons of excellent b beer,"[([2], [], 1), ([5], [], 1), ([11], [], 1), ([11], [], 1)]"
the shrimp scampi was excellent and the antipasti were plentiful.,"[([1, 2], [], 1), ([7], [], 1)]"
"if you venture off the island of manhattan and can't seem to find a great italian restaurant, drive to corona","[([19], [], 1)]"
the only thing more wonderful than the food (which is exceptional) is the service,"[([7], [], 1), ([13], [], 1)]"
the only thing the waiters don't do for you is wipe your chin when you leave.,"[([4], [], 1)]"
cozy romantic atomosphere with only around 15 tables at most.,"[([2], [], 1)]"
service was very prompt but slightly rushed.,"[([0], [], 1)]"
"food was very good, but not what i would consider out of this world.","[([0], [], 0)]"
too bad the food wasn't of the same heritage.,"[([3], [], -1)]"
"the porcini mushroom pasta special was tasteless, so was the seafood tagliatelle","[([1, 2, 3, 4], [], -1), ([10, 11], [], -1)]"
but that wasn't the icing on the cake: a tiramisu that resembled nothing i have ever had.,"[([9], [], -1)]"
i really liked this place,"[([4], [], 1)]"
this place has the best chinese style bbq ribs in the city.,"[([7, 8], [], 1), ([7, 8], [], 1)]"
i also recommend the rice dishes or the different varieties of congee (rice porridge),"[([4, 5], [], 1), ([11, 12, 13], [], 1)]"
it's definately not a place to go if you want to impress someone.,"[([4], [], -1)]"
"however, if you want great food at a great price and don't mind the decor you can't beat this place.","[([5], [], 1), ([14], [], 0), ([5], [], 1)]"
quick and friendly service,"[([3], [], 1)]"
"when you're sitting in their main dining room (which has a spectacular, hand-painted high ceiling you'd never know there was a world outside.","[([5, 6, 7], [], 1), ([14], [], 1)]"
"the food is wonderful, tasty and filling, and the service is professional and friendly.","[([1], [], 1), ([1], [], 1), ([9], [], 1)]"
"i can't wait for summer, when they serve outside on their gigantic patio","[([12], [], 1)]"
i recently tried suan and i thought that it was great.,"[([3], [], 1)]"
this little place definitely exceeded my expectations and you sure get a lot of food for your money.,"[([14], [], 1), ([2], [], 1), ([14], [], 1)]"
the service was fast and friendly and the food was very tasty and they had the best hot sauce to add to your meals.,"[([1], [], 1), ([8], [], 1), ([17, 18], [], 1)]"
good food,"[([1], [], 1)]"
good drink,"[([1], [], 1)]"
i have never had cheescake like this.,"[([4], [], 1)]"
great spot whether looking for a couple of drinks or quiet dinner.,"[([1], [], 1), ([1], [], 1)]"
warm and friendly in the winter and terrific outdoor seating in the warmer months.,"[([8, 9], [], 1)]"
the food is great and they have a good selecion of wines at reasonable prices.,"[([1], [], 1), ([11], [], 1), ([11], [], 1)]"
"while the ambiance and atmosphere were great, the food and service could have been a lot better.","[([2], [], 1), ([4], [], 1), ([8], [], -1), ([10], [], -1)]"
"we ordered the chicken casserole but what we got were a few small pieces of chicken, all dark meat and on the bone.","[([3, 4], [], -1), ([3, 4], [], -1)]"
"i've been to sapphire twice and both times the food was fine, if not good.","[([9], [], 1)]"
stick with the chicken b beef and lamb dishes,"[([3], [], 1), ([5], [], 1), ([7, 8], [], 1)]"
"service is friendly, and never had a problem walking in and getting a table.","[([0], [], 1)]"
skip dessert,"[([1], [], -1)]"
best reuben sandwich ever!,"[([1, 2], [], 1)]"
don't miss bloom's on your next trip to manhatten.,"[([2], [], 1)]"
"it was the first place we ate on our first trip to new york, and it will be the last place we stop as we head out of town on our next trip to new york.","[([20], [], 1)]"
thanks bloom's for a lovely trip.,"[([1], [], 1)]"
"the food was not fresh, the sauces were bland and very oily.","[([1], [], -1), ([6], [], -1)]"
pizza was a little soggy.,"[([0], [], -1)]"
ravioli was good...but i have to say that i found everything a bit overpriced.,"[([0], [], 1)]"
not enough wines by the glass either.,"[([2, 3, 4, 5], [], -1)]"
"service however, was excellent...and i liked the setting/atmosphere a lot.","[([0], [], 1), ([7], [], 1)]"
"food was just average...if they lowered the prices just a bit, it would be a bigger draw.","[([0], [], 0)]"
this place is a great bargain.,"[([1], [], 1)]"
authentic pakistani food,"[([1, 2], [], 1)]"
people are always friendly.,"[([0], [], 1)]"
"just straight up cheap, good food","[([5], [], 1), ([5], [], 1)]"
faan is sooo good.,"[([0], [], 1)]"
the best pad thai i've ever had.,"[([2, 3], [], 1)]"
the design and atmosphere is just as good.,"[([1], [], 1), ([3], [], 1)]"
bottles of wine are cheap and good.,"[([0, 1, 2], [], 1), ([0, 1, 2], [], 1)]"
the food was actually aweful.,"[([1], [], -1)]"
"the mussles were the fishiest things i've ever tasted, the seabass was bland, the goat cheese salad was missing the goat cheese, the penne w/ chicken had bones in it... it was disgusting.","[([1], [], -1), ([10], [], -1), ([14, 15, 16], [], -1), ([23, 24, 25], [], -1)]"
nice atmosphere the s service as very pleasant and the desert was good.,"[([1], [], 1), ([4], [], 1), ([10], [], 1)]"
the jukebox plays everything from italian opera to the strokes.,"[([1], [], 1)]"
"the food is amazing, rich pastas and fresh doughy pizza","[([1], [], 1), ([5], [], 1), ([9], [], 1)]"
best of all is the warm vibe the o owner s super friendly and service is fast.,"[([6], [], 1), ([9], [], 1), ([14], [], 1)]"
go here for the drinks,"[([4], [], 1)]"
the drinks are amazing and half off till 8pm.,"[([1], [], 1), ([1], [], 1)]"
ask for usha the nicest bartender in manhattan.,"[([2], [], 1)]"
my fav was the sassy lassi ..,"[([4, 5], [], 1)]"
this is an amazing place to try some roti rolls,"[([8, 9], [], 1)]"
i really recommend the very simple unda (egg) rolls,"[([6, 7, 8], [], 1)]"
delicate spices o onions eggs and a kick-ass roti,"[([1], [], 1), ([3], [], 1), ([4], [], 1), ([8], [], 1)]"
"toons has recently been redone, so it's now a very attractive space.","[([0], [], 1)]"
the food s as good as ever.,"[([1], [], 1)]"
in an area sadly lacking in decent thai food this is one of the best spots.,"[([7, 8], [], 1)]"
went here last night - nice decor good s service but the food was surprisingly excellent.,"[([6], [], 1), ([9], [], 1), ([12], [], 1)]"
"the portions are huge, so it might be good to order three things to split (rather than one appetizer and entree per person) for two people.","[([1], [], 0)]"
best drumsticks over rice and sour spicy soup in town!,"[([1, 2, 3], [], 1), ([5, 6, 7], [], 1)]"
beef noodle soup is good as well.,"[([0, 1, 2], [], 1)]"
the service is good and the resturant is clean.,"[([1], [], 1), ([6], [], 1)]"
best taiwanese food in ny!,"[([1, 2], [], 1)]"
i have been to rao's probably 15 times the past 3 years and it keeps getting better.,"[([4], [], 1)]"
rao's has the best service and atmosphere in nyc.,"[([4], [], 1), ([6], [], 1)]"
my roommate and i love this place,"[([6], [], 1)]"
"we recently decided to try this location, and to our delight, they have outdoor seating perfect since i had my yorkie with me.","[([13, 14], [], 1)]"
indoor was very cozy and cute.,"[([0], [], 1)]"
"the portion sizes here are huge, and the sushi is good.","[([1, 2], [], 1), ([8], [], 1)]"
staff is very accomodating.,"[([0], [], 1)]"
"excellent dumplings served amid clean, chic decor","[([1], [], 1), ([6], [], 1)]"
i got the $10 10-piece dim sum combo every bite of which was great.,"[([3, 4, 5, 6, 7], [], 1)]"
the decor is very simple but comfortable.,"[([1], [], 1)]"
the food was delicious but do not come here on a empty stomach.,"[([1], [], 1), ([1], [], -1)]"
the portions are small but being that the food was so good makes up for that.,"[([1], [], -1), ([8], [], 1)]"
you must have the crabmeat lasagna which is out of this world and the chocolate bread pudding for dessert.,"[([4, 5], [], 1), ([14, 15, 16], [], 1)]"
the staff there is very attentive and down to earth.,"[([1], [], 1)]"
great indian food and the service is incredible.,"[([1, 2], [], 1), ([5], [], 1)]"
the owner truly caters to all your needs.,"[([1], [], 1)]"
great food and the prices are very reasonable.,"[([1], [], 1)]"
the food here does a great service to the name (cantonese that is...).,"[([1], [], 1)]"
i fell in love with the egg noodles in the beef broth with shrimp dumplings and slices of bbq roast pork,"[([6, 7, 8, 9, 10, 11, 12, 13, 14, 15, 16, 17, 18, 19, 20], [], 1)]"
this dish is my favorite and i always get it when i go there and never get tired of it.,"[([1], [], 1)]"
try the congee and the donut like deep fried dough they call ow ley soh a delicious and sweet tasting bread.,"[([2], [], 1), ([12, 13, 14], [], 1)]"
simply some good tasting chinese food at incredible prices...,"[([4, 5], [], 1), ([4, 5], [], 1)]"
service is not what you are coming here for...,"[([0], [], -1)]"
big wong is a great place to eat and fill your stomach.,"[([0, 1], [], 1)]"
"whoever the jazz duo was, they were on point.","[([2, 3], [], 1)]"
good music great f food speedy service affordable prices.,"[([1], [], 1), ([4], [], 1), ([6], [], 1)]"
even the wine by the glass was good.,"[([2, 3, 4, 5], [], 1)]"
consistently good japanese tapas,"[([2, 3], [], 1)]"
always good drinks and service is pretty good;,"[([2], [], 1), ([4], [], 1)]"
atmosphere is nice and relaxed too...,"[([0], [], 1)]"
a great place to meet up for some food and drinks...,"[([2], [], 1)]"
yakitori (bbq meats) is tasty too.,"[([0, 1, 2], [], 1)]"
if you don't mind pre-sliced low quality fish unfriendly s staff nd a sushi chef that looks like he is miserable then this is your place.,"[([7], [], -1), ([10], [], -1), ([13, 14], [], -1)]"
price and quality of fish alone will keep us from making a return visit.,"[([4], [], -1), ([4], [], -1)]"
wasn't going to share but i feel obligated...while sitting at the sushi bar dining we watched the chef accidentally drop a piece of unagi on the floor and upon retrieving it from the floor proceed to use the piece in the delivery order he was preparing.,"[([17], [], -1)]"
"this place which is only a few months old, is perhaps queens' biggest secret!","[([1], [], 1)]"
"fabulous decor - makes you feel like you're in a trendy manhattan restaurant, very very good food cheaply-priced, generally friendly s staff and if you're a manhattanite, or spend most of your time in manhattan, rice avenue will make you feel at home.....very soho/village/upper west side minus the expensive prices and pretentious clientele.....all on roosevelt avenue!","[([1], [], 1), ([16], [], 1), ([16], [], 1), ([21], [], 1), ([35, 36], [], 1), ([35, 36], [], 1), ([35, 36], [], 1)]"
we were seated outside and the waiter spilled red wine and hot tea on myself and my date.,"[([6], [], -1)]"
"one would think we'd get an apology or complimentary drinks - instead, we got a snobby waiter wouldn't even take our order for 15 minutes and gave us lip when we asked him to do so.","[([16], [], -1)]"
"with so many good restaurants on the uws, i don't need overpriced food absurdly arrogant w wait-staff ho don't recognize they work at a glorified diner, clumsy service and m management hat doesn't care.","[([12], [], -1), ([16], [], -1), ([27], [], -1), ([30], [], -1)]"
i am relatively new to the area and tried pick a bgel on 2nd and was disappointed with the service and i thought the food was overated and on the pricey side.,"[([19], [], -1), ([24], [], -1), ([24], [], -1)]"
the food is okay and the prices here are mediocre.,"[([1], [], 0)]"
baluchi's has solid food and a nice decor at reasonable prices.,"[([3], [], 1), ([7], [], 1), ([0], [], 1)]"
the only problem is that the manager is a complete incompetent.,"[([6], [], -1)]"
he offers subpar service and has no personality.,"[([3], [], -1)]"
there is no excuse for such lousy service,"[([7], [], -1)]"
i have never before eaten 40 pieces of relatively good nigiri,"[([10], [], 0)]"
$20 for all you can eat sushi cannot be beaten.,"[([2, 3, 4, 5, 6], [], 1)]"
"i went to areo on a sunday afternoon with four of my girlfriends, and spent three enjoyable hours there.","[([3], [], 1)]"
"most of the servers are very attentive, friendly and quite attractive.","[([3], [], 1)]"
"the vibe is very relaxed and cozy, service was great and the food was excellent!","[([1], [], 1), ([7], [], 1), ([12], [], 1)]"
food was good and the view of the new york city skiline was terrific even on a foggy rainy day like that of when i went.,"[([0], [], 1), ([5, 6, 7, 8, 9, 10, 11], [], 1)]"
i would highly recommand requesting a table by the window,"[([6, 7, 8, 9], [], 1)]"
although they do the typical what kind of water would you like questions the service was good and overall very relaxing to place to eat.,"[([14], [], 1), ([22], [], 1)]"
the food is great.,"[([1], [], 1)]"
personal pans are the perfect size for those hungry nights.,"[([0, 1], [], 1)]"
there is a downside if you're ordering in -- the delivery guys have major attitude.,"[([10, 11], [], -1)]"
never have i had such dramatic delivery guys (a lot of huffing and panting and muttering under breath b/c i live in a walkup) who always seem disappointed with their tips.,"[([6, 7], [], -1)]"
"love the scene first off- the place has a character and nice light to it..very fortunate, location wise.","[([2], [], 1), ([6], [], 1), ([16], [], 1)]"
the pizza was pretty good and huge.,"[([1], [], 1), ([1], [], 1)]"
we were 4 and got the family size penne a la vodka which was tremendously gigantic portion...a bucket of food literally.,"[([8, 9, 10, 11], [], 1)]"
"the pasta penne was pretty extra buttery, creamy which means a big task to diggest.. tasty at first but i would say that i was full with a slice of pizza and 7 to count, penne...got a little moody afterwards cause was stuffed...lol","[([1, 2], [], -1), ([1, 2], [], -1)]"
"la rosa waltzes in, and i think they are doing it the best.","[([0, 1], [], 1)]"
"interesting selection good wines s service ine, fun decor","[([3], [], 1), ([5], [], 1), ([8], [], 1), ([1], [], 1)]"
"i found it on a cold night, the perfect spot to warm up.","[([9], [], 1)]"
i recieved prompt service with a smile.,"[([3], [], 1)]"
this place blew me away...by far my new favorite restaurant on the uppereast side.,"[([1], [], 1)]"
the wine list is extensive and impressive.,"[([1, 2], [], 1)]"
love the atmosphere - felt like i was in paris.,"[([2], [], 1)]"
the mussels were fantastic and so was the dessert ..definitely going to be back very soon.,"[([1], [], 1), ([8], [], 1)]"
i have been coming here for years and have nothing but good things to say about the service and the great staff at la lanterna.,"[([17], [], 1), ([21], [], 1)]"
"over the years the host vittorio, and his c crew have always treated me as family--although with all the business this not-so-little gem does, it amazing he's even able to remember a consistent but not-so-frequent visitor.","[([4], [], 1), ([9], [], 1)]"
i've also been amazed at all the new additions in the past few years: a new jazz bar the most fantastic dining garden the best th thin crust pizzas nd now a l lasagna menu hich is to die for (these are not your average lasagnas)!,"[([21, 22], [], 1), ([16, 17], [], 1), ([26, 27, 28], [], 1), ([33, 34], [], 1)]"
i love this place,"[([3], [], 1)]"
i have to say i have never had a disapointing meal here.,"[([10], [], 1)]"
we could have made a meal of the yummy dumplings from the dumpling menu.,"[([9], [], 1)]"
luckily we saved room for the bbq salmon s sea bass nd crispy duck,"[([6, 7], [], 1), ([9, 10], [], 1), ([12, 13], [], 1)]"
